1551592485.6,1551592485.6,1551592485.6,1551592485.6,1551592485.6,1551592485.6
1551592485.6,1551592485.6,1551592485.6,1551592485.6,1551592485.6,1551592485.6
1551592485.6,1551592485.6,1551592485.6,1551592485.6,1551592485.6,1551592485.6
1551592485.6,1551592485.6,1551592485.6,1551592485.6,1551592485.6,1551592485.6
1551592485.6,1551592485.6,1551592485.6,1551592485.6,1551592485.6,1551592485.6
1551592485.6,1551592485.6,1551592485.6,1551592485.6,1551592485.6,1551592485.6
1551592485.6,1551592485.6,1551592485.6,1551592485.6,1551592485.6,1551592485.6
1551592485.6,1551592485.6,1551592485.6,1551592485.6,1551592485.6,1551592485.6
1551592485.6,1551592485.6,1551592485.6,1551592485.6,1551592485.6,1551592485.6
1551592485.6,1551592485.6,1551592485.6,1551592485.6,1551592485.6,1551592485.6
1551592485.61,1551592485.61,1551592485.61,1551592485.61,1551592485.61,1551592485.61
1551592485.61,1551592485.61,1551592485.61,1551592485.61,1551592485.61,1551592485.61
1551592485.61,1551592485.61,1551592485.61,1551592485.61,1551592485.61,1551592485.61
1551592485.61,1551592485.61,1551592485.61,1551592485.61,1551592485.61,1551592485.61
1551592485.61,1551592485.61,1551592485.61,1551592485.61,1551592485.61,1551592485.61
1551592485.61,1551592485.61,1551592485.61,1551592485.61,1551592485.61,1551592485.61
1551592485.61,1551592485.61,1551592485.61,1551592485.61,1551592485.61,1551592485.61
1551592485.61,1551592485.61,1551592485.61,1551592485.61,1551592485.61,1551592485.61
1551592485.61,1551592485.61,1551592485.61,1551592485.61,1551592485.61,1551592485.61
1551592485.61,1551592485.61,1551592485.61,1551592485.61,1551592485.61,1551592485.61
1551595112.5,1551595112.5,1551595112.5,1551595112.5,1551595112.5,1551595112.5
1551595112.5,1551595112.5,1551595112.5,1551595112.5,1551595112.5,1551595112.5
1551595112.51,1551595112.51,1551595112.51,1551595112.51,1551595112.51,1551595112.51
1551595112.52,1551595112.52,1551595112.52,1551595112.52,1551595112.52,1551595112.52
1551595112.52,1551595112.52,1551595112.52,1551595112.52,1551595112.52,1551595112.52
1551595112.53,1551595112.53,1551595112.53,1551595112.53,1551595112.53,1551595112.53
1551600815.78,1551600815.78,1551600815.78,1551600815.78,1551600815.78,1551600815.78
1551600815.79,1551600815.79,1551600815.79,1551600815.79,1551600815.79,1551600815.79
1551600815.8,1551600815.8,1551600815.8,1551600815.8,1551600815.8,1551600815.8
1551600815.82,1551600815.82,1551600815.82,1551600815.82,1551600815.82,1551600815.82
1551600815.86,1551600815.86,1551600815.86,1551600815.86,1551600815.86,1551600815.86
1551600815.81,1551600815.81,1551600815.81,1551600815.81,1551600815.81,1551600815.81
1551600815.82,1551600815.82,1551600815.82,1551600815.82,1551600815.82,1551600815.82
1551600815.83,1551600815.83,1551600815.83,1551600815.83,1551600815.83,1551600815.83
1551600815.84,1551600815.84,1551600815.84,1551600815.84,1551600815.84,1551600815.84
1551600815.88,1551600815.88,1551600815.88,1551600815.88,1551600815.88,1551600815.88
1551653122.68,1551653122.68,1551653122.68,1551653122.68,1551653122.68,1551653122.68
1551653122.68,1551653122.68,1551653122.68,1551653122.68,1551653122.68,1551653122.68
1551653122.68,1551653122.68,1551653122.68,1551653122.68,1551653122.68,1551653122.68
1551653122.68,1551653122.68,1551653122.68,1551653122.68,1551653122.68,1551653122.68
1551653122.68,1551653122.68,1551653122.68,1551653122.68,1551653122.68,1551653122.68
1551653122.68,1551653122.68,1551653122.68,1551653122.68,1551653122.68,1551653122.68
1551653122.68,1551653122.68,1551653122.68,1551653122.68,1551653122.68,1551653122.68
1551653122.68,1551653122.68,1551653122.68,1551653122.68,1551653122.68,1551653122.68
1551653122.68,1551653122.68,1551653122.68,1551653122.68,1551653122.68,1551653122.68
1551653122.68,1551653122.68,1551653122.68,1551653122.68,1551653122.68,1551653122.68
1551653122.68,1551653122.68,1551653122.68,1551653122.68,1551653122.68,1551653122.68
1551653122.69,1551653122.69,1551653122.69,1551653122.69,1551653122.69,1551653122.69
1551653122.68,1551653122.68,1551653122.68,1551653122.68,1551653122.68,1551653122.68
1551653122.68,1551653122.68,1551653122.68,1551653122.68,1551653122.68,1551653122.68
1551653122.69,1551653122.69,1551653122.69,1551653122.69,1551653122.69,1551653122.69
1551653122.69,1551653122.69,1551653122.69,1551653122.69,1551653122.69,1551653122.69
1551653122.69,1551653122.69,1551653122.69,1551653122.69,1551653122.69,1551653122.69
1551653122.69,1551653122.69,1551653122.69,1551653122.69,1551653122.69,1551653122.69
1551653122.69,1551653122.69,1551653122.69,1551653122.69,1551653122.69,1551653122.69
1551653122.69,1551653122.69,1551653122.69,1551653122.69,1551653122.69,1551653122.69
1551655378.9,1551655378.9,1551655378.9,1551655378.9,1551655378.9,1551655378.9
1551655378.9,1551655378.9,1551655378.9,1551655378.9,1551655378.9,1551655378.9
1551655635.26,1551655635.26,1551655635.26,1551655635.26,1551655635.26,1551655635.26
1551655635.26,1551655635.26,1551655635.26,1551655635.26,1551655635.26,1551655635.26
1551656108.75,1551656108.75,1551656108.75,1551656108.75,1551656108.75,1551656108.75
1551656108.75,1551656108.75,1551656108.75,1551656108.75,1551656108.75,1551656108.75
1551656108.75,1551656108.75,1551656108.75,1551656108.75,1551656108.75,1551656108.75
1551656108.75,1551656108.75,1551656108.75,1551656108.75,1551656108.75,1551656108.75
1551656108.75,1551656108.75,1551656108.75,1551656108.75,1551656108.75,1551656108.75
1551656108.75,1551656108.75,1551656108.75,1551656108.75,1551656108.75,1551656108.75
1551656108.76,1551656108.76,1551656108.76,1551656108.76,1551656108.76,1551656108.76
1551656108.76,1551656108.76,1551656108.76,1551656108.76,1551656108.76,1551656108.76
1551656108.76,1551656108.76,1551656108.76,1551656108.76,1551656108.76,1551656108.76
1551656108.76,1551656108.76,1551656108.76,1551656108.76,1551656108.76,1551656108.76
1551656108.76,1551656108.76,1551656108.76,1551656108.76,1551656108.76,1551656108.76
1551656108.76,1551656108.76,1551656108.76,1551656108.76,1551656108.76,1551656108.76
1551656108.76,1551656108.76,1551656108.76,1551656108.76,1551656108.76,1551656108.76
1551656108.76,1551656108.76,1551656108.76,1551656108.76,1551656108.76,1551656108.76
1551656108.76,1551656108.76,1551656108.76,1551656108.76,1551656108.76,1551656108.76
1551656108.76,1551656108.76,1551656108.76,1551656108.76,1551656108.76,1551656108.76
1551656108.76,1551656108.76,1551656108.76,1551656108.76,1551656108.76,1551656108.76
1551656108.76,1551656108.76,1551656108.76,1551656108.76,1551656108.76,1551656108.76
1551656108.76,1551656108.76,1551656108.76,1551656108.76,1551656108.76,1551656108.76
1551656108.76,1551656108.76,1551656108.76,1551656108.76,1551656108.76,1551656108.76
1551656108.76,1551656108.76,1551656108.76,1551656108.76,1551656108.76,1551656108.76
1551656108.76,1551656108.76,1551656108.76,1551656108.76,1551656108.76,1551656108.76
